trials,mc_price,black_scholes_price
100,9.71164,10.4506
110,10.3253,10.4506
120,11.3821,10.4506
132,10.424,10.4506
145,11.7612,10.4506
159,12.2294,10.4506
175,12.2548,10.4506
192,13.1589,10.4506
210,11.6173,10.4506
231,10.2981,10.4506
254,9.02496,10.4506
278,11.1236,10.4506
305,11.2458,10.4506
335,10.8886,10.4506
368,11.2416,10.4506
404,10.2789,10.4506
443,9.88375,10.4506
486,10.2776,10.4506
534,9.63856,10.4506
586,11.9261,10.4506
643,10.3544,10.4506
705,10.2439,10.4506
774,10.3694,10.4506
850,9.99493,10.4506
933,10.3775,10.4506
1024,10.4759,10.4506
1123,10.6587,10.4506
1233,10.4879,10.4506
1353,10.3188,10.4506
1485,10.2502,10.4506
1630,10.1322,10.4506
1789,10.4648,10.4506
1963,10.4027,10.4506
2154,10.7913,10.4506
2364,10.8619,10.4506
2595,10.1626,10.4506
2848,10.2198,10.4506
3126,10.0623,10.4506
3430,10.7814,10.4506
3765,10.4568,10.4506
4132,10.8932,10.4506
4535,10.4442,10.4506
4977,10.3469,10.4506
5462,10.1735,10.4506
5995,10.318,10.4506
6579,10.4784,10.4506
7221,10.5648,10.4506
7925,10.5047,10.4506
8697,10.5493,10.4506
9545,10.5277,10.4506
10476,10.3006,10.4506
11498,10.4304,10.4506
12619,10.6853,10.4506
13849,10.4632,10.4506
15199,10.2912,10.4506
16681,10.5773,10.4506
18307,10.5445,10.4506
20092,10.2675,10.4506
22051,10.599,10.4506
24201,10.4071,10.4506
26561,10.3575,10.4506
29151,10.5001,10.4506
31993,10.5133,10.4506
35112,10.4948,10.4506
38535,10.4544,10.4506
42292,10.3928,10.4506
46416,10.4039,10.4506
50941,10.5854,10.4506
55908,10.3985,10.4506
61359,10.5286,10.4506
67342,10.4464,10.4506
73907,10.4456,10.4506
81113,10.4926,10.4506
89022,10.4892,10.4506
97701,10.4187,10.4506
107227,10.4294,10.4506
117681,10.465,10.4506
129155,10.4125,10.4506
141747,10.466,10.4506
155568,10.4676,10.4506
170735,10.3501,10.4506
187382,10.4221,10.4506
205651,10.4522,10.4506
225702,10.4736,10.4506
247708,10.4722,10.4506
271859,10.4798,10.4506
298365,10.4265,10.4506
327455,10.4563,10.4506
359381,10.4313,10.4506
394421,10.4946,10.4506
432876,10.4698,10.4506
475081,10.4847,10.4506
521401,10.4525,10.4506
572237,10.4418,10.4506
628029,10.4529,10.4506
689261,10.4035,10.4506
756463,10.45,10.4506
830218,10.4478,10.4506
911163,10.4749,10.4506
1e+06,10.4667,10.4506
