n,c_n,fp_naive_overpayment,fp_shaded_overpayment,sp_overpayment
2,5.63754,5.46491,-0.172632,-5.62813
3,8.47233,8.50875,0.036414,-0.0112308
4,10.3064,10.343,0.036645,2.97199
5,11.6336,11.7295,0.095929,4.95046
6,12.6661,12.6402,-0.0259606,6.41728
7,13.5181,13.3149,-0.203203,7.57976
8,14.2364,14.0054,-0.230971,8.5189
9,14.8491,15.3023,0.453186,9.32174
10,15.3856,15.1107,-0.274909,10.0221
11,15.8614,16.1593,0.297828,10.6139
12,16.285,16.4277,0.142716,11.1528
13,16.6821,16.8468,0.164754,11.635
14,17.0303,16.888,-0.142219,12.0766
15,17.3517,17.3163,-0.0353788,12.4831
16,17.6681,17.6902,0.0220482,12.8464
17,17.9357,17.8338,-0.101864,13.1884
18,18.2007,18.2024,0.00169957,13.5009
19,18.441,18.5057,0.0647383,13.8048
20,18.6724,18.1362,-0.53622,14.0735
